{"cash": 9882875.507965878, "portfolio": [{"Ticker": "BTC-INR", "Shares": 0.014, "Total Invested": 99566.985}, {"Ticker": "FET-INR", "Shares": 600.0, "Total Invested": 12513.232231140137}, {"Ticker": "SIREN-USD", "Shares": 1.0, "Total Invested": 0.6895025372505188}, {"Ticker": "38590-USD", "Shares": 10000.0, "Total Invested": 5043.585300445557}]}